Date,Headline,URL,Opening Text,Hit Sentence,Source,Influencer,Country,Subregion,Language,Reach,Desktop Reach,Mobile Reach,Twitter Social Echo,Facebook Social Echo,Reddit Social Echo,Earned Traffic,National Viewership,AVE,Sentiment,Key Phrases,Input Name,Keywords,Document Tags,Hidden,Tweet Id,Twitter Id,State,City,Engagement,User Profile Url,Hashtags,Views,Estimated Views,Summarization Disabled,Custom Categories
2025-10-06 00:11:45,Palantir news story 1 on defense,https://example.com/palantir/story-1,This article covers Palantir's recent moves in defense and their impact on customers and investors.,Palantir is highlighted for its role in shaping defense trends this quarter.,Reuters,,United States,North America,en,461633,251116,210517,70,229,70,2143,434250,54887,positive,"palantir defense,customer reaction,market impact",Palantir + Defense,"Palantir,defense,brand",sponsorship,False,,,Colorado,Denver,653,,"Palantir,defense,brand",882666,1228041,False,Defense;Tech
2025-10-01 17:21:42,Palantir news story 2 on government,https://example.com/palantir/story-2,This article covers Palantir's recent moves in government and their impact on customers and investors.,Palantir is highlighted for its role in shaping government trends this quarter.,Bloomberg,,United States,North America,en,510409,258595,251814,507,518,147,79,496878,58387,mixed,"palantir government,customer reaction,market impact",Palantir + Government,"Palantir,government,brand",sponsorship,False,,,District of Columbia,Washington,3070,,"Palantir,government,brand",797424,814092,False,Gov;Analytics
2025-09-30 16:46:51,,https://twitter.com/palantir_watch/status/100000000000000002,,Palantir mentioned in social chatter about data and brand perception.,Twitter,@palantir_watch2,United Kingdom,Western Europe,en,622112,318202,303910,1630,1024,139,1950,0,0,mixed,"palantir data,customer reaction,market impact",Palantir + Commercial,"Palantir,data,brand",social-post,False,100000000000000002,500000002,,London,101,https://twitter.com/palantir_watch,"Palantir,data,brand",343980,346386,False,Finance;Tech
2025-10-04 13:07:36,Palantir news story 4 on AI,https://example.com/palantir/story-4,This article covers Palantir's recent moves in AI and their impact on customers and investors.,Palantir is highlighted for its role in shaping AI trends this quarter.,Wall Street Journal,,Canada,North America,en,78084,29861,48223,811,704,403,2874,593789,36595,mixed,"palantir AI,customer reaction,market impact",Palantir + AI,"Palantir,AI,brand",strategy,False,,,Ontario,Toronto,4454,,"Palantir,AI,brand",522427,685807,False,Defense;Tech
2025-09-20 19:47:05,Palantir news story 5 on defense,https://example.com/palantir/story-5,This article covers Palantir's recent moves in defense and their impact on customers and investors.,Palantir is highlighted for its role in shaping defense trends this quarter.,ESPN,,United States,North America,en,503420,229098,274322,164,1364,36,1333,89502,44918,mixed,"palantir defense,customer reaction,market impact",Palantir + Defense,"Palantir,defense,brand",product-launch,False,,,Colorado,Denver,1946,,"Palantir,defense,brand",126524,150771,False,Gov;Analytics
2025-09-26 18:58:56,,https://twitter.com/palantir_watch/status/100000000000000005,,Palantir mentioned in social chatter about government and brand perception.,Twitter,@palantir_watch5,United States,North America,en,676284,332132,344152,655,517,250,2487,0,0,neutral,"palantir government,customer reaction,market impact",Palantir + Government,"Palantir,government,brand",social-post,False,100000000000000005,500000005,District of Columbia,Washington,2166,https://twitter.com/palantir_watch,"Palantir,government,brand",354452,484784,False,Finance;Tech
2025-09-30 17:26:08,Palantir news story 7 on data,https://example.com/palantir/story-7,This article covers Palantir's recent moves in data and their impact on customers and investors.,Palantir is highlighted for its role in shaping data trends this quarter.,TechCrunch,,United Kingdom,Western Europe,en,710955,277830,433125,1851,425,309,968,54227,47925,positive,"palantir data,customer reaction,market impact",Palantir + Commercial,"Palantir,data,brand",product-launch,False,,,,London,3473,,"Palantir,data,brand",615974,761075,False,Defense;Tech
2025-10-08 11:30:33,Palantir news story 8 on AI,https://example.com/palantir/story-8,This article covers Palantir's recent moves in AI and their impact on customers and investors.,Palantir is highlighted for its role in shaping AI trends this quarter.,Reuters,,Canada,North America,en,1069457,672327,397130,346,918,117,1798,414404,70409,neutral,"palantir AI,customer reaction,market impact",Palantir + AI,"Palantir,AI,brand",strategy,False,,,Ontario,Toronto,2029,,"Palantir,AI,brand",610128,677152,False,Gov;Analytics
2025-10-06 23:49:48,,https://twitter.com/palantir_watch/status/100000000000000008,,Palantir mentioned in social chatter about defense and brand perception.,Twitter,@palantir_watch1,United States,North America,en,800420,432339,368081,677,1037,630,2723,0,0,neutral,"palantir defense,customer reaction,market impact",Palantir + Defense,"Palantir,defense,brand",social-post,False,100000000000000008,500000008,Colorado,Denver,2356,https://twitter.com/palantir_watch,"Palantir,defense,brand",883064,1081451,False,Finance;Tech
2025-09-20 14:52:30,Palantir news story 10 on government,https://example.com/palantir/story-10,This article covers Palantir's recent moves in government and their impact on customers and investors.,Palantir is highlighted for its role in shaping government trends this quarter.,CNBC,,United States,North America,en,93901,64270,29631,311,989,78,2838,344731,69299,neutral,"palantir government,customer reaction,market impact",Palantir + Government,"Palantir,government,brand",sponsorship,False,,,District of Columbia,Washington,3150,,"Palantir,government,brand",92619,113564,False,Defense;Tech
2025-10-17 04:53:54,Palantir news story 11 on data,https://example.com/palantir/story-11,This article covers Palantir's recent moves in data and their impact on customers and investors.,Palantir is highlighted for its role in shaping data trends this quarter.,Wall Street Journal,,United Kingdom,Western Europe,en,989671,443381,546290,1997,1045,348,2040,346371,53429,positive,"palantir data,customer reaction,market impact",Palantir + Commercial,"Palantir,data,brand",sponsorship,False,,,,London,1580,,"Palantir,data,brand",222230,267725,False,Gov;Analytics
2025-10-02 10:58:46,,https://twitter.com/palantir_watch/status/100000000000000011,,Palantir mentioned in social chatter about AI and brand perception.,Twitter,@palantir_watch4,Canada,North America,en,86285,46343,39942,1736,224,334,2476,0,0,positive,"palantir AI,customer reaction,market impact",Palantir + AI,"Palantir,AI,brand",social-post,False,100000000000000011,500000011,Ontario,Toronto,4060,https://twitter.com/palantir_watch,"Palantir,AI,brand",587888,791056,False,Finance;Tech
2025-10-11 04:52:25,Palantir news story 13 on defense,https://example.com/palantir/story-13,This article covers Palantir's recent moves in defense and their impact on customers and investors.,Palantir is highlighted for its role in shaping defense trends this quarter.,Sports Illustrated,,United States,North America,en,686551,216135,470416,685,736,40,1979,220775,105423,negative,"palantir defense,customer reaction,market impact",Palantir + Defense,"Palantir,defense,brand",sponsorship,False,,,Colorado,Denver,1899,,"Palantir,defense,brand",811500,981375,False,Defense;Tech
2025-09-25 11:28:50,Palantir news story 14 on government,https://example.com/palantir/story-14,This article covers Palantir's recent moves in government and their impact on customers and investors.,Palantir is highlighted for its role in shaping government trends this quarter.,TechCrunch,,United States,North America,en,1021007,353522,667485,899,1344,686,1386,406709,119660,positive,"palantir government,customer reaction,market impact",Palantir + Government,"Palantir,government,brand",sponsorship,False,,,District of Columbia,Washington,640,,"Palantir,government,brand",606371,684272,False,Gov;Analytics
2025-09-21 19:54:47,,https://twitter.com/palantir_watch/status/100000000000000014,,Palantir mentioned in social chatter about data and brand perception.,Twitter,@palantir_watch0,United Kingdom,Western Europe,en,634322,225900,408422,544,1220,434,59,0,0,positive,"palantir data,customer reaction,market impact",Palantir + Commercial,"Palantir,data,brand",social-post,False,100000000000000014,500000014,,London,1827,https://twitter.com/palantir_watch,"Palantir,data,brand",537826,658554,False,Finance;Tech
2025-10-12 02:05:01,Palantir news story 16 on AI,https://example.com/palantir/story-16,This article covers Palantir's recent moves in AI and their impact on customers and investors.,Palantir is highlighted for its role in shaping AI trends this quarter.,Bloomberg,,Canada,North America,en,854721,482242,372479,1874,694,584,1233,369161,100079,mixed,"palantir AI,customer reaction,market impact",Palantir + AI,"Palantir,AI,brand",strategy,False,,,Ontario,Toronto,776,,"Palantir,AI,brand",196490,216194,False,Defense;Tech
2025-10-14 20:28:19,Palantir news story 17 on defense,https://example.com/palantir/story-17,This article covers Palantir's recent moves in defense and their impact on customers and investors.,Palantir is highlighted for its role in shaping defense trends this quarter.,CNBC,,United States,North America,en,301299,194305,106994,1006,1285,384,2423,71488,37563,negative,"palantir defense,customer reaction,market impact",Palantir + Defense,"Palantir,defense,brand",earnings,False,,,Colorado,Denver,4668,,"Palantir,defense,brand",221593,229039,False,Gov;Analytics
2025-09-25 13:52:18,,https://twitter.com/palantir_watch/status/100000000000000017,,Palantir mentioned in social chatter about government and brand perception.,Twitter,@palantir_watch3,United States,North America,en,424731,173899,250832,906,1189,242,1295,0,0,neutral,"palantir government,customer reaction,market impact",Palantir + Government,"Palantir,government,brand",social-post,False,100000000000000017,500000017,District of Columbia,Washington,2745,https://twitter.com/palantir_watch,"Palantir,government,brand",540662,618317,False,Finance;Tech
2025-10-06 07:10:14,Palantir news story 19 on data,https://example.com/palantir/story-19,This article covers Palantir's recent moves in data and their impact on customers and investors.,Palantir is highlighted for its role in shaping data trends this quarter.,ESPN,,United Kingdom,Western Europe,en,177895,79062,98833,1370,995,153,1266,332442,115030,mixed,"palantir data,customer reaction,market impact",Palantir + Commercial,"Palantir,data,brand",product-launch,False,,,,London,4623,,"Palantir,data,brand",747147,859238,False,Defense;Tech
2025-10-15 10:49:19,Palantir news story 20 on AI,https://example.com/palantir/story-20,This article covers Palantir's recent moves in AI and their impact on customers and investors.,Palantir is highlighted for its role in shaping AI trends this quarter.,Sports Illustrated,,Canada,North America,en,652740,451467,201273,132,410,142,2436,360313,86485,positive,"palantir AI,customer reaction,market impact",Palantir + AI,"Palantir,AI,brand",product-launch,False,,,Ontario,Toronto,2788,,"Palantir,AI,brand",510849,712780,False,Gov;Analytics
2025-09-25 21:59:09,,https://twitter.com/palantir_watch/status/100000000000000020,,Palantir mentioned in social chatter about defense and brand perception.,Twitter,@palantir_watch6,United States,North America,en,457332,259007,198325,392,335,516,2610,0,0,positive,"palantir defense,customer reaction,market impact",Palantir + Defense,"Palantir,defense,brand",social-post,False,100000000000000020,500000020,Colorado,Denver,3068,https://twitter.com/palantir_watch,"Palantir,defense,brand",806997,994007,False,Finance;Tech
2025-10-15 21:45:25,Palantir news story 22 on government,https://example.com/palantir/story-22,This article covers Palantir's recent moves in government and their impact on customers and investors.,Palantir is highlighted for its role in shaping government trends this quarter.,Reuters,,United States,North America,en,121776,41339,80437,360,803,771,1810,96601,50447,positive,"palantir government,customer reaction,market impact",Palantir + Government,"Palantir,government,brand",strategy,False,,,District of Columbia,Washington,1272,,"Palantir,government,brand",872638,1207352,False,Defense;Tech
2025-10-11 01:28:06,Palantir news story 23 on data,https://example.com/palantir/story-23,This article covers Palantir's recent moves in data and their impact on customers and investors.,Palantir is highlighted for its role in shaping data trends this quarter.,Bloomberg,,United Kingdom,Western Europe,en,90967,58191,32776,670,63,698,409,241324,46496,neutral,"palantir data,customer reaction,market impact",Palantir + Commercial,"Palantir,data,brand",product-launch,False,,,,London,4565,,"Palantir,data,brand",74289,84701,False,Gov;Analytics
2025-10-05 11:02:35,,https://twitter.com/palantir_watch/status/100000000000000023,,Palantir mentioned in social chatter about AI and brand perception.,Twitter,@palantir_watch2,Canada,North America,en,864759,434157,430602,996,1209,756,1665,0,0,mixed,"palantir AI,customer reaction,market impact",Palantir + AI,"Palantir,AI,brand",social-post,False,100000000000000023,500000023,Ontario,Toronto,1749,https://twitter.com/palantir_watch,"Palantir,AI,brand",894255,1113176,False,Finance;Tech
2025-10-12 05:35:20,Palantir news story 25 on defense,https://example.com/palantir/story-25,This article covers Palantir's recent moves in defense and their impact on customers and investors.,Palantir is highlighted for its role in shaping defense trends this quarter.,Wall Street Journal,,United States,North America,en,1153867,510671,643196,990,209,380,2485,76211,24561,mixed,"palantir defense,customer reaction,market impact",Palantir + Defense,"Palantir,defense,brand",product-launch,False,,,Colorado,Denver,875,,"Palantir,defense,brand",430492,431765,False,Defense;Tech
